x_sun,y_sun,z_sun,x_earth,y_earth,z_earth,x_moon,y_moon,z_moon
0,37960983939.8027,38151453400.1639,0,142100656347.862,142448809313.691,0,23535968.0370986,34928213.3313864
0.0159605137659936,37885808110.6972,38074073373.7682,0.0597859865796793,142120760460.743,142470202285.802,9.95541213231954e-06,23504991.4792725,35147587.9302761
0.0637998490317887,37810621893.7327,37996674939.8429,0.239155146755056,142140825420.27,142491541374.868,3.98059515136896e-05,23474014.4674484,35366461.0990612
0.143454689989336,37735425308.5135,37919258218.4467,0.538124255425879,142160851221.463,142512826531.573,8.95280683838565e-05,23443037.1359636,35584822.5579843
0.25486171183317,37660218374.6446,37841823329.8319,0.956710053148395,142180837859.348,142534057707.271,0.000159098207341765,23412059.6187322,35802662.0618455
0.397957580779684,37585001111.7314,37764370394.44,1.49492924612963,142200785328.951,142555234853.979,0.000248492807355838,23381082.0492407,36019969.4003228
0.572678954086884,37509773539.3803,37686899532.8977,2.1527985062235,142220693625.304,142576357924.378,0.000357688301774552,23350104.5605447,36236734.3982903
0.778962480074292,37434535677.1979,37609410866.012,2.93033447092753,142240562743.442,142597426871.817,0.000486661118337101,23319127.2852643,36452946.9161343
1.01674479814005,37359287544.7925,37531904514.767,3.8275537433689,142260392678.403,142618441650.308,0.000635387679182303,23288150.3555811,36668596.8500624
2.67592002670908,36982893515.7514,37144111739.3808,10.1094784251961,142358954432.089,142722701445.579,0.00167450103189565,23133275.4862614,37738056.6749197
5.11305587244596,36606245672.8389,36755895096.49,19.3859565024993,142456535863.867,142825600501.618,0.0032039181111775,22978428.8251066,38791957.4647988
8.32022234256413,36229346468.2046,36367269881.88,31.6590246780815,142553136357.126,142927133818.116,0.00522068544743322,22823626.3787098,39829078.3537096
12.2894840156602,35852198354.8399,35978251469.8337,46.9306981407874,142648755297.316,143027296809.453,0.00772184614903618,22668883.8522665,40848223.061463
17.0129001026829,35474803786.7162,35588855300.2024,65.2029705505461,142743392071.969,143126085303.542,0.0107044399343784,22514216.6391797,41848220.7374922
22.4825245079413,35097165218.9219,35199096865.687,86.4778140235826,142837046070.718,143223495540.279,0.01416550316372,22359639.8112169,42827926.7599183
28.6904058901853,34719285107.7931,34808991699.3722,110.757179117933,142929716685.33,143319524169.576,0.0181020688708318,22205168.1092625,43786223.4861768
35.6285877236259,34341165911.0499,34418555362.5099,138.042994818749,143021403309.736,143414168249.038,0.0225111667943105,22050815.9346181,44722020.9592729
80.9951700532972,32447069853.005,32461944950.6279,319.63483504829,143465055513.667,143866546349.088,0.0515404534767149,21281321.1353694,49027886.746425
143.422910832358,30547366189.4771,30499395932.309,576.664859661824,143884018186.178,144284113495.221,0.0919356658895297,20516762.0460284,52625109.988087
221.911779459617,28642364534.8843,28532806317.0638,909.349840991776,144278218648.118,144666910535.567,0.143321991528822,19758532.444927,55410566.5265133
315.458965353095,26732375964.7207,26564030600.5521,1317.89297044382,144647585612.432,145015232662.979,0.20532277893186,19007760.2558488,57302786.7235648
423.059070796715,24817713418.6095,24594841792.3713,1802.48382265703,144992049619.913,145329594973.467,0.277559609979438,18265305.7442359,58242100.0901967
543.704304306848,22898692083.3011,22626895059.341,2363.29832264209,145311543680.193,145610681265.151,0.359652366300191,17531776.0740016,58189450.5253245
676.384674376211,20975629160.5283,20661741346.9211,3000.49871583036,145606003230.886,145859348169.144,0.451219298435622,16807533.3064641,57125744.4076716
820.088183676853,19048843887.8465,18700820437.8338,3714.23354110869,145875365986.176,146076638182.206,0.551877083226669,16092677.1327446,55053252.3031596
974.585680102593,17109089185.2683,16735709569.2267,4508.74398940622,146120719770.756,146264565435.995,0.66180363256178,15383563.997778,51978711.0975181
1138.16132276426,15166229755.775,14777267978.6841,5380.80795493556,146340610183.947,146423331211.517,0.780130531406892,14683313.4076038,47956654.6328686
1309.78307005528,13220597278.4185,12826466742.7972,6330.53422336643,146534983052.413,146554394389.56,0.906464210010146,13991249.36391,43052667.394317
1488.41763217317,11272526773.9191,10884039150.1043,7358.01752027846,146703787119.961,146659357227.72,1.04040968067143,13306365.0276756,37359258.1174035
1673.0306715076,9322356677.77245,8950469338.04294,8463.33849850672,146846974437.413,146739934019.547,1.18157059182833,12627342.5400068,30994247.5776031
1862.58700308716,7370428884.18844,7025983298.41544,9646.56372846119,146964500906.597,146797907149.058,1.32954928932785,11952586.2138969,24098069.5927151
2056.05079502709,5417089360.91414,5110493489.15578,10907.7456915228,147056326336.042,146835122743.514,1.48394688131257,11280179.4704379,16837268.8603488
2252.38576890221,3462688837.0482,3203537519.78278,12246.9227763567,147122415035.671,146853442444.336,1.64436331371581,10607876.0469241,9405213.3926798
2439.20285674469,1619288340.26119,1412608006.36566,13581.054903535,147161128547.102,146854954030.202,1.80076782650272,9971905.3271518,2426971.91996017
2626.78209002182,-224437416.434297,-372511359.05698,14984.5557609352,147176916383.186,146842542211.534,1.96182951392165,9331632.52415452,-4327673.59875456
2814.25470490487,-2068183702.36159,-2153077517.92227,16457.4231062461,147169765373.532,146817337957.336,2.12721066713816,8684833.01633575,-10668800.7676328
3000.75219841139,-3911641676.152,-3930688526.4843,17999.6435703252,147139670378.308,146780120701.555,2.29657298453188,8029311.63808316,-16408864.9018192
3185.40647673152,-5754500436.644,-5707120902.18769,19611.1926655877,147086634575.875,146731294741.195,2.46957765508051,7363063.14972753,-21375741.929767
3367.35000328506,-7596449228.65113,-7484154377.1149,21292.0347966348,147010669696.65,146670869943.721,2.64588543761928,6684439.17513366,-25426296.7782255
3545.71594650514,-9437177448.25119,-9263575468.28997,23042.1232729548,146911796699.194,146598406461.51,2.82515674452491,5992194.69428178,-28450163.8726238
3719.63832730066,-11276375559.5979,-11047106959.071,24861.4003238537,146790045758.246,146513015299.061,3.00705171430905,5285547.60734857,-30374589.5953845
3859.13054825985,-12791956872.0384,-12522177342.2889,26413.9362707365,146672437152.754,146432015905.99,3.1588099077494,4691752.30953155,-31117962.2872121
3994.52673450167,-14306120867.0157,-14001595584.3382,28013.4485855411,146539315934.509,146340562888.621,3.31193065622455,4088197.27202488,-31105074.5478176
4125.34272781296,-15818700635.6131,-15485825192.5543,29659.8878901765,146390709818.752,146237740035.689,3.46622298718763,3475255.62663517,-30361081.7062841
4251.09501228587,-17329531622.7659,-16975155767.3384,31353.199712903,146226649091.317,146122560060.683,3.62149587596523,2853514.95860864,-28928565.3134319
4371.30077002843,-18838451633.0375,-18469704039.9423,33093.3244977872,146047166062.155,145994008754.927,3.77755825665125,2223736.51135511,-26864218.1944531
4485.47793673601,-20345300720.6237,-19969424315.1749,34880.197614793,145852294513.811,145851089534.353,3.934219033247,1586806.08711265,-24234854.6761065
4593.14525708772,-21849921005.7512,-21474124890.9376,36713.7493705092,145642069590.212,145692832187.485,4.09128709242171,943712.133241795,-21115630.1072787
4693.82233999422,-23352156546.5795,-22983479962.6794,38593.9050194828,145416527676.805,145518302308.529,4.2485713168178,295526.883568311,-17588508.6636105
4787.93377585721,-24867027113.2808,-24512387194.8661,40540.3338857459,145173188959.579,145324620157.71,4.40747313909253,-363268.743381972,-13697521.1613752
4873.93026998613,-26379149917.9571,-26045017317.9061,42534.1464770133,144914298342.081,145112654786.207,4.5662035864991,-1024964.20791563,-9566240.2866741
4951.31971712852,-27888369139.5529,-27580717748.5483,44575.2501306417,144639895571.037,144881683438.194,4.72456576637509,-1688396.86881012,-5283820.93437629
5019.61114115905,-29394530323.7649,-29118755385.9529,46663.546978005,144350021063.93,144631069712.396,4.88236285908694,-2352412.50882474,-938735.397597877
5078.31475214577,-30897480214.7017,-30658331836.0505,48798.933959621,144044715825.554,144360269934.176,5.03939814403395,-3015884.2085449,3382759.71809316
5126.94200317281,-32397066552.4687,-32198601398.3853,50981.3028409302,143724021387.872,144068837616.414,5.19547502757887,-3677731.78760745,7598202.63675496
5165.00564691903,-33893137986.9506,-33738679604.1108,53210.5402287423,143387979864.539,143756418583.197,5.35039707212176,-4336924.97702324,11629183.4250603
5192.01979196798,-35385544015.018,-35277649840.6929,55486.527588288,143036633955.249,143422750155.02,5.50396802657759,-4992488.53681955,15401759.0552578
5208.32181696703,-37009830734.235,-36954753084.598,58023.4872368247,142635801122.317,143034188326.71,5.66978602060849,-5702706.85555987,19144860.3993753
5210.2602885261,-38629379915.7546,-38628203440.2863,60615.8069111074,142216850403.391,142620045417.475,5.83350710653986,-6406472.21883374,22420298.4647985
5197.20972936992,-40243998232.9697,-40296787432.0254,63263.3117528956,141779839533.242,142180360923.619,5.99487725796193,-7102841.1790825,25158277.1356004
5168.546914947,-41853492997.2328,-41959300694.4982,65965.8197231858,141324827031.769,141715304835.64,6.15364289940169,-7790995.95653588,27299200.5301899
5123.65095823459,-43457671948.259,-43614567300.5175,68723.1416339336,140851872265.675,141225171767.793,6.30955095009448,-8470255.17125542,28794543.9600928
5061.90339402495,-45056343036.9487,-45261459690.417,71535.0811808534,140361035569.568,140710370229.065,6.46234886547207,-9140080.68014475,29607408.4194283
4982.68826269259,-46649314434.7332,-46898900179.2125,74401.4349772705,139852378306.34,140171416800.664,6.61178467824254,-9800073.82858233,29712214.8609878
4885.39219341155,-48236394487.1269,-48525866983.7084,77321.9925890735,139325962893.191,139608933075.386,6.75760703497956,-10449977.6704197,29094883.6148319
4755.84252694212,-49986424074.7456,-50313818908.1604,80618.4476079857,138722505501.747,138959596945.969,6.91453621754962,-11157631.4880321,27567706.5477337
4602.55627898282,-51728736694.5774,-52086625990.5159,83980.7726997226,138097446569.783,138283398174.83,7.06638953099533,-11852868.9271285,25168851.6216625
4424.71287446499,-53463071850.3332,-53843254346.0234,87408.652380022,137450876449.519,137581530663.747,7.21282875717535,-12535949.7443283,21928579.5885524
4221.49614566652,-55189168599.0194,-55582825645.9389,90901.7608142211,136782887402.079,136855313248.72,7.35351677457587,-13207374.599939,17896698.6483095
3992.09446566703,-56906765480.0814,-57304626486.7611,94459.7618844188,136093573931.675,136106160725.539,7.48811759273713,-13867865.4857083,13140972.9719245
3735.70088069654,-58615600488.0728,-59008114192.8463,98082.3092584387,135383033183.795,135335549624.645,7.61629638582648,-14518338.4392805,7744904.42381382
3451.51324131108,-60315410941.1525,-60692931050.6252,101769.046460482,134651364801.677,134545027962.938,7.73771952759528,-15159923.4473713,1809349.05489738
3138.73433243063,-62005933195.2516,-62358931058.1211,105519.606943618,133898670959.417,133736210592.272,7.85205462627076,-15793981.0511853,-4546134.39748474
2794.39065418302,-63697137651.1185,-64016200576.4913,109357.099069587,133120269142.823,132905606221.23,7.95959998814576,-16425859.7590418,-11229544.3234606
2419.50214651256,-65378400916.673,-65654859182.6808,113258.421562576,132320801892.643,132059762865.157,8.05929941933295,-17053465.8402608,-18047874.7135208
2013.27280917525,-67049450725.4647,-67275494446.2682,117223.170717178,131500383995.96,131200275814.956,8.15081844111192,-17678723.0497588,-24835740.6063038
1574.91222035499,-68710012534.82,-68879029856.5257,121250.932823236,130659134778.27,130328642255.536,8.23382403277015,-18303731.2520757,-31413484.8825565
1103.63566438828,-70359810095.7463,-70466681965.0323,125341.284248772,129797178981.214,129446187692.496,8.30798470013066,-18930663.3403416,-37595557.0348287
598.66425809277,-71998566157.7065,-72039906530.2346,129493.791524489,128914647770.304,128553981772.45,8.37297055095864,-19561643.8288025,-43200381.4277871
59.2250757107922,-73626002310.0331,-73600414784.9481,133708.011429867,128011679434.828,127652779075.739,8.42845337484885,-20198707.3986419,-48053728.2475729
-515.448727637829,-75241839664.7246,-75150121290.8614,137983.491080867,127088420258.689,126742945973.991,8.4741067262872,-20843689.989116,-51997566.266086
-1076.22618141979,-76718705619.9424,-76568680389.0859,141972.760159562,126220771597.114,125897740018.763,8.50716249170789,-21445571.4311428,-54720104.9254094
-1668.09081346173,-78185295313.6203,-77981183322.3262,146013.174779217,125336190116.257,125044684094.673,8.53136302650741,-22056079.4487994,-56501996.2204442
-2291.62651626474,-79641397783.989,-79388974947.4446,150104.36040537,124434809089.472,124183081889.096,8.54645803505563,-22675611.8083589,-57304143.0139195
-2947.41248679084,-81086806250.8829,-80793187354.2538,154245.935818149,123516768418.638,123311879314.59,8.5521986934348,-23304063.0877802,-57128379.7608632
-3636.02314989423,-82521318806.3566,-82194685814.0593,158437.513175321,122582212998.687,122429795710.066,8.54833767545766,-23940901.7258582,-56011211.7870173
-4358.02808269976,-83944738876.5866,-83594033289.5915,162678.69807629,121631290915.073,121535468592.546,8.53462917303768,-24585274.3854616,-54015334.7259373
-5113.99193988958,-85356875261.2138,-84991489257.7094,166969.089626822,120664153503.133,120627447081.25,8.5108289210112,-25235998.9251113,-51230206.3570799
-5904.47437997706,-86757542111.161,-86387013511.1281,171308.280504899,119680954977.46,119704220236.056,8.47669421371936,-25891593.7789205,-47769659.4850999
-6603.57973395492,-87938362145.0989,-87570847847.9884,175032.763586685,118833154093.825,118906931986.891,8.4393948620256,-26451235.8227138,-44388329.4953069
-7328.33713764195,-89110665273.7915,-88752715597.4271,178791.912895027,117973967528.23,118096902744.87,8.3943153505223,-27012222.9468873,-40687174.7214926
-8079.08104123427,-90274345526.5184,-89932178918.3884,182585.467940588,117103490792.476,117273419058.105,8.34130953931139,-27573505.1172537,-36747572.2828073
-8856.14315423233,-91429298959.0271,-91108709446.2848,186413.165015932,116221819516.127,116435844980.579,8.28023212708047,-28134029.4548726,-32651153.16878
-9659.85241470539,-92575423445.3558,-92281706042.0556,190274.737226256,115329049341.187,115583629798.97,8.21093866105331,-28692761.847893,-28478046.2147161
-10490.534958926,-93712618447.057,-93450514368.5401,194169.914520426,114425275850.834,114716312985.271,8.13328554865884,-29248707.4218488,-24305214.8921293
-11348.5140913678,-94840784876.9013,-94614438776.8005,198098.4237222,113510594634.978,113833518023.403,8.04713007046384,-29800914.5927553,-20206128.2817663
-12234.1102550984,-95959825011.9906,-95772750170.4277,202059.98856185,112585101323.62,112934948843.533,7.95233039477791,-30348478.367374,-16250493.2725159
-13248.9102089268,-97190042103.9355,-97049837840.9532,206491.649929358,111546208451.274,111919748575.308,7.83691878525964,-30949279.144648,-12109180.4240097
-14298.4947248036,-98408786433.8327,-98318059177.8303,210963.236264709,110494266130.638,110884722290.235,7.7105118097168,-31542277.8940283,-8304388.29433671
-15383.2882502412,-99615929525.1682,-99576370124.3611,215474.357701941,109429404913.868,109829809656.217,7.5729200074415,-32126515.9276534,-4908898.53326429
-16503.7107220318,-100811344458.094,-100823722172.388,220024.619901286,108351755461.152,108755062614.385,7.4239553747486,-32701134.958445,-1987373.11083965
-17660.1775199825,-101994905723.215,-102059075496.312,224613.624104235,107261448555.598,107660642679.594,7.26343139678775,-33265385.2469558,404306.878236538
-18853.0994213972,-103166489053.178,-103281413870.213,229240.967189038,106158615154.676,106546815258.197,7.09116307916148,-33818632.3351881,2219587.58516768
-20082.8825563037,-104325971413.402,-104489746633.681,233906.241726662,105043386435.388,105413944462.996,6.90696697962774,-34360354.2023092,3421010.4072988
-21349.9283634275,-105473230955.601,-105683113658.191,238609.036037102,103915893787.856,104262492110.681,6.71066123790175,-34890144.4751724,3980472.08645544
-22751.494085579,-106690620698.633,-106946038676.959,243696.860666682,102692490942.719,103006837470.922,6.48633056173508,-35445081.2483007,3847212.03274679
-24196.9101775832,-107893647926.686,-108189630560.357,248826.892725986,101455280199.063,101731233442.803,6.24762693768118,-35985783.8936573,2946115.42084079
-25686.6543396464,-109082165514.715,-109412919814.057,253998.607611612,100204425129.18,100436582040.982,5.99433191878789,-36512231.9750898,1281432.25995285
-27221.1978200599,-110256027318.98,-110615031774.172,259211.475398944,98940089679.8096,99123898832.4824,5.72622928646517,-37024586.4995588,-1127902.69923054
-28801.0053582949,-111415088003.356,-111795202262.188,264464.960925373,97662438376.651,97794294065.1517,5.44310507210229,-37523184.1041549,-4248742.94360854
-30426.5351292779,-112559202895.4,-112952790789.022,269758.523874089,96371636584.0935,96448949293.257,5.14474757521222,-38008525.0981241,-8034702.45741381
-32098.2386888397,-113688227963.284,-114087283907.093,275091.618858443,95067850485.5309,95089116694.783,4.83094738093314,-38481275.4392878,-12425995.5817255
-33816.5609203115,-114802019708.872,-115198305341.045,280463.695506733,93751247125.5886,93716113345.0315,4.50149737303502,-38942268.8827898,-17349262.7467011
-35695.1927913582,-115969389479.101,-116353614387.598,286217.692858783,92337498142.6504,92243317459.4586,4.13381435714186,-39420619.2825489,-23072253.1105678
-37627.5406328496,-117119204252.554,-117482083986.022,292014.45781826,90909653445.8918,90758804248.4056,3.74796439372349,-39888159.733939,-29182154.4881272
-39614.1139826531,-118251292865.267,-118583836706.478,297853.310946271,89467918962.6737,89264223282.095,3.3437071494794,-40346397.2159801,-35549998.7503446
-41655.4135854079,-119365483965.57,-119659248300.796,303733.566887584,88012502752.1119,87761210977.8404,2.92080527782918,-40797019.6160317,-42032197.0050925
-43751.9313280928,-120461606216.832,-120708932970.455,309654.534489367,86543615475.3903,86251349167.0334,2.47902443887809,-41241843.8593983,-48474755.4026196
-45904.1501772388,-121539488571.815,-121733722769.385,315615.516920513,85061470924.3088,84736118913.8429,2.01813332490665,-41682755.0000837,-54718225.6360631
-48112.544117849,-122598959934.213,-122734696762.911,321615.811791524,83566286255.442,83216878242.5481,1.53790368882762,-42121706.5650944,-60597677.7316746
-50377.5780938891,-123639849043.118,-123713192024.761,327654.711274782,82058282559.52,81694812611.7707,1.0381103799222,-42560680.9378003,-65945920.4747529
-52254.5894771709,-124469447915.492,-124490530242.468,332575.332014326,80827231621.6499,80460176210.2705,0.618671633291011,-42917634.0578033,-69781989.8192363
-54169.3194724966,-125286646200.319,-125255012355.845,337520.444775712,79588036819.8902,79224646041.5925,0.186128041488828,-43276759.5860276,-73086925.4138542
-56122.0021576067,-126091354260.388,-126007589063.842,342489.665560613,78340823442.6656,77988430765.389,-0.259635544372208,-43638884.6643822,-75790393.57782
-58112.8676272914,-126883483243.423,-126749255048.689,347482.608216585,77085719637.4102,76751564989.2031,-0.718732857985497,-44004701.093403,-77833097.4858533
-60142.1419752392,-127662945627.556,-127481005138.163,352498.884479685,75822856437.1223,75513905957.3612,-1.19127619914798,-44374728.7571855,-79169749.9594058
-62210.0472763997,-128429655813.245,-128203786681.877,357538.104017228,74552367706.1258,74275136801.8628,-1.67737641610898,-44749282.5211942,-79771764.0055249
-64316.8015697994,-129183530390.795,-128918478274.949,362599.874470583,73274390150.0616,73034764572.4342,-2.1771428878759,-45128454.0354193,-79628732.0680148
-66462.6188418636,-129924488518.745,-129625859458.889,367683.801498042,71989063159.7078,71792131768.2051,-2.69068350952147,-45512099.7230693,-78749402.5276929
-68647.7090103281,-130652452761.739,-130326543069.217,372789.488817902,70696528251.7273,70546460620.4303,-3.21810468322352,-45899832.0479269,-77162389.6069625
-70872.2779085589,-131367348926.418,-131020988994.009,377916.538251496,69396928981.6302,69296859000.87,-3.75951130820948,-46291035.3557266,-74914886.2862419
-73136.5272704609,-132069106389.057,-131709477957.611,383064.549766426,68090409991.9054,68042396606.0825,-4.31500677758707,-46684919.3120349,-72068321.7423702
-75440.6547158475,-132757658266.166,-132392098052.55,388233.121519815,66777116939.7257,66782109662.0253,-4.88469297506768,-47080513.0220816,-68698839.2911475
-77784.8537363433,-133432941284.161,-133068755711.721,393421.849901709,65457195874.2228,65515050355.818,-5.46867027607666,-47476720.9820468,-64892749.4567313
-80169.3136817852,-134094895515.449,-133739197524.345,398630.329578575,64130792642.463,64240333932.2817,-6.06703754964033,-47872384.9747291,-60741499.9481257
-82594.2197470701,-134743464158.635,-134403028452.748,403858.153536826,62798052778.7171,62957146514.7669,-6.67989215912434,-48266305.3174368,-56339948.9219441
-85059.7529594721,-135378593318.993,-135059730015.028,409104.913126397,61459121376.2102,61664754348.1201,-7.30732996356227,-48657263.6658769,-51784511.7802295
-87717.4829878147,-136037029711.466,-135747296080.11,414686.093012943,60033408482.5149,60284247721.1819,-7.98836676896038,-49067106.1764898,-46890706.0366554
-90421.2558800286,-136680252744.226,-136425348469.013,420287.593178778,58601072740.0854,58892120950.2341,-8.68600220114102,-49470966.7258036,-42033899.0696999
-93171.2717513718,-137308206492.388,-137093017197.297,425908.921382033,57162283699.3984,57487914588.9852,-9.40034485684389,-49867595.6076118,-37312710.2601293
-95967.7253981969,-137920837373.049,-137749385878.113,431549.583543303,55717209886.0977,56071302194.8638,-10.1315014247777,-50255834.4411614,-32818389.0221861
-98810.8062841324,-138518093880.507,-138393513613.711,437209.083804285,54266018824.0811,54642086866.0647,-10.879576675638,-50634629.9096784,-28633698.607681
-101700.698526902,-139099926302.359,-139024458423.035,442886.92458645,52808877110.1259,53200193589.6254,-11.6446734497992,-51003044.53561,-24832040.7853018
-104637.580885821,-139666286658.815,-139641282512.814,448582.606649751,51345950571.5912,51745654837.3738,-12.4268926440648,-51360247.1146225,-21478233.5838448
-107621.626749817,-140217128673.547,-140243054967.306,454295.629151138,49877404325.9855,50278604140.7667,-13.2263331964094,-51705508.9674012,-18628816.3025138
-110958.660876545,-140805062144.624,-140886529486.141,460599.212650187,48255752511.0973,48650729111.8171,-14.1256996633953,-52070779.0861851,-16132203.9672658
-114353.179002336,-141374107667.81,-141509531578.613,466922.4983683,46627717900.3937,47008449493.5229,-15.0461463860144,-52420211.725609,-14352238.0809659
-117805.389281094,-141924209665.678,-142110945513.374,473264.813529866,44993517606.0914,45352325619.2441,-15.987796678004,-52753301.8118518,-13326627.0046883
-121315.491941873,-142455314575.276,-142689706283.743,479625.483373236,43353367788.1377,43683048947.1275,-16.9507708793471,-53069711.1047935,-13079601.7658819
-124883.679275121,-142967370659.177,-143244815334.68,486003.831244981,41707483731.2444,42001433249.6879,-17.9351863328323,-53369271.7257629,-13621630.0089427
-128510.135620071,-143460327803.966,-143775357280.152,492399.178694082,40056079995.9062,40308399792.6403,-18.9411573631178,-53651984.5092277,-14949550.5122636
-132195.037353222,-143934137505.35,-144280501423.595,498810.845565956,38399370389.9945,38604977098.6675,-19.968795256711,-53918020.3115735,-17046467.3709898
-135938.552878126,-144388752736.133,-144759512767.234,505238.150096654,36737567930.8869,36892301477.3885,-21.0182082473342,-54167728.9270409,-19881025.8378451
-139776.945375623,-144828137685.102,-145215921616.12,511741.172864215,35055160158.265,35155345749.9962,-22.0996989335031,-54403772.4051945,-23443535.9820694
-143675.381499373,-145247871809.81,-145644594791.22,518258.728874249,33367997543.165,33411551949.9766,-23.2035891180039,-54624456.0386694,-27648181.2243848
-147634.009688077,-145647909997.444,-146045181931.164,524790.112505372,31676297836.086,31662317284.6515,-24.3299806223398,-54830672.0158198,-32419702.4761242
-151652.970071689,-146028207785.169,-146417504672.675,531334.61685613,29980278416.4234,29909103755.5572,-25.478972086952,-55023506.292701,-37667180.1235873
-155732.394466674,-146388721296.389,-146761561958.873,537891.533842872,28280156687.2426,28153403428.6164,-26.6506589790283,-55204207.946409,-43286524.3281007
-159872.406372461,-146729407239.903,-147077530203.781,544460.154297478,26576150511.9849,26396700300.9389,-27.8451336021333,-55374151.2964142,-49163552.9882542
-164073.120968989,-147050222787.219,-147365773327.815,551039.768064827,24868478247.2857,24640464995.993,-29.0624851057782,-55534837.9624824,-55173824.2427974
-168334.645115614,-147351125458.334,-147626852073.513,557629.664100392,23157358946.5271,22886135582.4552,-30.3027994956946,-55687884.4098521,-61183648.3397817
-172929.936770856,-147649011350.216,-147875349565.061,564642.934060996,21335495603.7455,21025458337.9709,-31.6460867636641,-55843983.2876582,-67417802.0409874
-177594.116087141,-147924313455.477,-148095156767.251,571666.156264291,19510255295.2878,19169922555.5667,-33.0154937442951,-55995367.0359761,-73328382.4744113
-182327.280407605,-148176983208.327,-148287586475.026,578698.474898042,17681906661.3214,17320853755.8569,-34.411112019341,-56144053.0252608,-78748969.3111102
-187129.516473737,-148406972554.673,-148454196760.536,585739.033525392,15850721646.8747,15479325789.8582,-35.8330291784829,-56291989.4722006,-83518870.0445651
-192000.90043128,-148614234852.809,-148596717618.604,592786.975215383,14016975716.1826,13646139888.4674,-37.2813288027987,-56440978.9585781,-87489335.7038697
-196941.49783764,-148798725917.409,-148716965926.297,599841.442673127,12180948044.2022,11821805576.9111,-38.7560904412914,-56592595.2154099,-90530324.0544512
-201951.363670752,-148960403942.825,-148816851433.795,606901.578369398,10342922100.9355,10006489682.3488,-40.2573895859079,-56748136.3070223,-92534304.7851941
-207030.542339603,-149099230071.919,-148898330258.517,613966.524670143,8503186186.40161,8199969356.13637,-41.7852976410789,-56908542.8513305,-93422906.1915051
-211674.177244952,-149204877462.082,-148957549253.323,620346.250979631,6841548887.15896,6576605872.50076,-43.1871775627865,-57057870.8509265,-93234940.571947
-216374.316551881,-149291862327.293,-149004482799.035,626728.566844006,5178975851.80241,4959216861.13727,-44.6108333427705,-57211527.5113827,-92105991.426934
-221130.970784958,-149360167927.745,-149040206487.087,633112.842062557,3515687850.12317,3346913425.2902,-46.0563087702701,-57369203.3919083,-90060020.7144784
-225944.143490868,-149409782666.556,-149065566775.373,639498.446688186,1851908434.5703,1738573672.22718,-47.5236448502552,-57530183.7407446,-87154003.4641661
-230813.831248804,-149440700432.307,-149081152871.153,645884.751103258,187862773.845557,132935449.267419,-49.0128798028513,-57693420.5025167,-83472076.0906195
-235740.023681693,-149452920767.956,-149087282700.069,652271.126095144,-1476223650.15617,-1471299806.73881,-50.5240490682405,-57857625.9893558,-79117924.0451035
-240722.703468165,-149446448963.717,-149083995034.159,658656.942931483,-3140125179.92256,-3075457925.70955,-52.0571853105139,-58021276.2379704,-74214508.8975913
-245761.84635541,-149421296028.907,-149071051432.342,665041.573435147,-4803616445.44694,-4680856396.93015,-53.6123184292438,-58182648.323078,-68901035.7349719
-250467.218996529,-149381473023.565,-149050098578.792,670938.17973901,-6339813452.74271,-6166033388.91499,-55.068540928407,-58328207.9468619,-63748731.6369793
-255220.722616455,-149325737439.222,-149019953914.534,676832.743782921,-7875295266.22111,-7654071170.76261,-56.5435787778438,-58468937.5977542,-58479829.2505785
-260022.322386913,-149254108854.131,-148979968793.018,682724.771897063,-9409889033.95299,-9145658844.89115,-58.0374493465993,-58603484.5209745,-53203790.6825093
-264871.978472856,-149166609743.307,-148929394635.536,688613.771024007,-10943423738.3401,-10641353016.1425,-59.5501680424082,-58730553.8370603,-48025427.8513864
-269769.646043735,-149063265058.791,-148867416735.291,694499.248768183,-12475730306.9039,-12141570127.196,-61.081748320652,-58848941.5736035,-43042217.9098604
-274715.275285248,-148944101776.53,-148793190763.433,700380.713445174,-14006641633.9333,-13646586033.2126,-62.6322016911333,-58957562.3722844,-38342051.4398224
-279708.811411516,-148809148733.518,-148705855674.032,706257.674130797,-15535992408.2093,-15156551329.7165,-64.2015377238386,-59055443.72534,-34003700.6718732
-284750.194677624,-148658436514.115,-148604542601.306,712129.640709895,-17063619012.4595,-16671500844.1988,-65.7897640518127,-59141723.2480253,-30097041.0612224
-290419.639566164,-148472126078.635,-148474263940.299,718661.192011298,-18762298376.8197,-18364044492.188,-67.5803759346256,-59223265.276465,-26325984.6174891
-296148.225021404,-148266364345.855,-148324470057.422,725185.271442729,-20458418476.4846,-20062393033.1036,-69.3944186647323,-59288699.3749995,-23229950.3272077
-301935.84699708,-148041199291.447,-148154077487.602,731701.206459661,-22151760219.5177,-21766153268.9767,-71.2318942869282,-59337365.0486102,-20862558.2158048
-307782.393914609,-147796680801.882,-147962051294.746,738208.326075109,-23842106715.6478,-23474795226.854,-73.0928018500321,-59368776.1753153,-19263338.8896603
-313687.746688433,-147532860510.167,-147747417734.063,744705.960941322,-25529243157.1728,-25187664047.6749,-74.9771373967807,-59382618.7904436,-18457913.8712779
-319651.778752144,-147249791619.147,-147509277905.078,751193.443431023,-27212956630.0402,-26903997537.0387,-76.8848939536198,-59378743.8091258,-18458587.2847272
-325674.356085417,-146947528953.129,-147246802827.656,757670.107718189,-28893036104.1088,-28622929142.4194,-78.816061521115,-59357160.6887174,-19264861.1405245
-331755.33724166,-146626128895.14,-146959237791.669,764135.28985833,-30569272506.3773,-30343484174.3928,-80.7706270660649,-59318044.7413662,-20862841.2905112
-338090.730106795,-146274510719.469,-146635548470.1,770793.30181725,-32294558569.5965,-32119316863.6691,-82.8118485804146,-59259681.2548761,-23311557.735864
-344487.969627301,-145902644649.349,-146283858040.104,777437.660233281,-34015307077.8534,-33894456538.0704,-84.8779414733306,-59183607.2506719,-26526553.1376511
-350946.875765966,-145510596457.173,-145903692951.194,784067.642632865,-35731294239.9367,-35667540902.8833,-86.9688812537758,-59090579.5088035,-30446990.1871291
-357467.260205138,-145098432724.06,-145494737984.312,790682.529039078,-37442298344.6572,-37437106183.9344,-89.0846399929189,-58981576.9869143,-34994069.2575839
-364048.926383633,-144666220635.777,-145056851837.848,797281.602062549,-39148099414.4668,-39201617736.3461,-91.22518633897,-58857781.1538254,-40072626.2008859
-370691.669534616,-144214027829.718,-144590078538.501,803864.146991776,-40848478773.9027,-40959507558.7835,-93.3904855368495,-58720546.1608972,-45573555.8500118
-377395.276724271,-143741922194.062,-144094662714.812,810429.451882745,-42543219009.7086,-42709179959.5221,-95.5804994496221,-58571404.3185329,-51373366.3885945
-384159.526891515,-143249971642.449,-143571066834.434,816976.807648008,-44232103721.2325,-44449034250.4323,-97.7951865851156,-58412055.5231002,-57335037.8557876
-391156.396472709,-142725135900.914,-143005781116.54,823669.257283301,-45957107258.9567,-46220811856.8744,-100.091068526003,-58239971.1900539,-63464431.7584141
-398216.497428324,-142179590057.93,-142412587829.481,830341.345289672,-47675497161.7896,-47979101710.5674,-102.412779820913,-58061074.5090025,-69448540.1277712
-405339.565294128,-141613407794.886,-141792655130.354,836992.317720743,-49387040034.1475,-49722470424.6095,-104.760264994174,-57877398.3509384,-75123662.0733696
-412525.326818723,-141026662561.094,-141147407800.15,843621.424175768,-51091501227.7135,-51449682354.0307,-107.133465000803,-57690963.8971446,-80327143.2518369
-419773.500013684,-140419428451.456,-140478454563.257,850227.917896882,-52788644498.1776,-53159730122.1962,-109.532317248572,-57503695.3782984,-84904304.0255588
-427083.794204683,-139791781196.805,-139787506223.461,856811.055865653,-54478231723.37,-54851860139.3385,-111.956755613695,-57317333.1636849,-88715501.8732282
-434455.910083549,-139143798005.598,-139076387121.366,863370.098898876,-56160022584.3732,-56525601108.8842,-114.406710455842,-57133412.781428,-91637835.9119597
-441889.539761033,-138475557861.756,-138347009498.499,869904.311743496,-57833774206.1213,-58180795803.7746,-116.882108623819,-56953213.141794,-93569354.392996
-448955.596110609,-137826917249.131,-137644105179.897,876042.73320072,-59404552683.7228,-59724813705.1108,-119.239674043086,-56787485.6900353,-94420421.3156649
-456075.801122526,-137160408478.167,-136928102773.056,882157.81384261,-60967755721.672,-61252894113.5547,-121.619730063573,-56626306.9877794,-94293279.5457342
-463249.875891537,-136476107184.182,-136200402394.655,888248.94714932,-62523173886.2404,-62765645456.1328,-124.022206725466,-56469840.0531409,-93176574.3402108
-470477.534895646,-135774093105.121,-135462249797.093,894315.529996029,-64070595563.0006,-64263945238.0998,-126.447031263216,-56317857.7196223,-91090735.3599461
-477758.486038498,-135054450597.236,-134714693313.99,900356.962721213,-65609807803.5843,-65748873078.0986,-128.894128102087,-56169779.4190447,-88084987.5857609
-485092.430692327,-134317269073.238,-133958547091.818,906372.649194345,-67140597344.2464,-67221629766.0571,-131.363418858586,-56024727.0127838,-84232814.162093
-492479.06374152,-133562643202.068,-133194373676.342,912361.996883051,-68662750626.5942,-68683537395.7442,-133.854822341212,-55881511.8638438,-79633006.9692602
-499918.073626642,-132790673170.29,-132422461578.326,918324.416919606,-70176054177.955,-70136010253.6512,-136.368254558998,-55738648.2592168,-74408575.6190264
-506792.350796979,-132066886885.258,-131707088354.453,923773.260076244,-71557180579.3299,-71462113467.0024,-138.694710502839,-55606425.5445954,-69178431.3113345
-513710.241389975,-131328661872.742,-130984986772.14,929198.471603234,-72930509793.2203,-72782430717.2007,-141.039585275017,-55471725.3555945,-63651241.2499902
-520671.490292597,-130576087545.338,-130255793560.835,934599.604489752,-74295881473.8512,-74097897293.5471,-143.402807780367,-55333128.5044796,-57944259.9122594
-527675.837940964,-129809256850.707,-129518978603.458,939976.214503942,-75653137427.6269,-75409348781.3441,-145.784305005126,-55189195.2384056,-52176464.9197568
-534723.020350973,-129028265806.931,-128773881866.678,945327.860234352,-77002121973.8,-76717492873.2,-148.184002038637,-55038521.5709611,-46463978.6489691
-541812.769149262,-128233212940.721,-128019758217.532,950654.103131009,-78342682211.7111,-78022888763.2325,-150.601822094781,-54879793.6354034,-40915650.616975
-548944.81160458,-127424199064.937,-127255794655.723,955954.507546239,-79674667948.1663,-79325954152.7624,-153.037686532884,-54711793.3165448,-35632599.2392269
-556118.870659251,-126601327060.981,-126481127142.568,961228.640774914,-80997931671.6356,-80626968437.1653,-155.491514876981,-54533407.5252913,-30707457.6082543
-564176.474620973,-125666523348.346,-125602676123.235,967084.536474179,-82464596084.3514,-82076994424.0672,-158.251813042192,-54320855.989758,-25728875.627477
-572285.68713301,-124714728270.065,-124708604770.371,972906.566953272,-83920014628.6288,-83524591137.8332,-161.034276309982,-54093055.1626161,-21389786.9161636
-580446.104001643,-123746090601.829,-123797759492.066,978694.1436786,-85363993705.1742,-84969566888.659,-163.838784769807,-53849092.1568022,-17767622.105808
-588657.314529328,-122760760748.115,-122869030313.378,984446.682945403,-86796343531.7513,-86411550451.2892,-166.665215745013,-53588272.3203414,-14922151.724443
-596918.901572545,-121758890438.312,-121921374006.079,990163.605944722,-88216877902.1334,-87850012465.9878,-169.513443800759,-53310114.4050025,-12895878.6031423
-605230.441600145,-120740632430.631,-120953836571.341,995844.338829711,-89625413833.1598,-89284295914.7274,-172.383340749272,-53014335.8805847,-11715231.1733465
-613591.504752261,-119706140629.745,-119965542085.281,1001488.31278124,-91021771457.5738,-90713626605.1092,-175.274775656182,-52700834.0200716,-11392100.4166516
-622001.65489992,-118655570088.676,-118955690935.339,1007094.96407298,-92405774068.3248,-92137111330.7972,-178.187614843721,-52369686.5536842,-11923786.6274527
-630426.193529746,-117593415032.595,-117927819043.982,1012641.322825,-93771734917.0065,-93548053177.5618,-181.109830569866,-52022605.7424901,-13284836.0212065
-638898.54166937,-116515619941.916,-116877305269.253,1018149.5589941,-95125099241.1264,-94951131123.116,-184.053005254313,-51658724.7425601,-15444048.84649
-647418.250264825,-115422340192.178,-115803673513.324,1023619.13109666,-96465701000.5734,-96345186954.0991,-187.016998730434,-51278640.5485346,-18356702.7725964
-655984.864331998,-114313731596.837,-114706572549.545,1029049.50290888,-97793377126.3266,-97728963331.0555,-190.001668147926,-50883145.7584908,-21962252.3038175
-664597.923017293,-113189950207.218,-113585790637.68,1034440.14352715,-99107967327.5974,-99101121095.8068,-193.006867985816,-50473221.4237764,-26184909.4881574
-673256.959658735,-112051152127.32,-112441268920.363,1039790.52742784,-100409313820.253,-100460262957.029,-196.032450069822,-50050022.411104,-30934833.0018346
-681961.501847704,-110897493303.162,-111273116872.955,1045100.13452636,-101697261346.301,-101804933505.956,-199.078263592338,-49614888.6004281,-36107217.6098513
-690711.071490828,-109729129217.746,-110081635415.018,1050368.45023541,-102971657026.718,-103133632752.514,-202.144155138145,-49169347.8010853,-41582056.4882006
-699755.902375821,-108512365824.053,-108832479002.905,1055742.97143889,-104267996970.824,-104481901149.189,-205.318007215373,-48702031.416815,-47390368.6877157
-708847.314000678,-107280379912.709,-107559999233.368,1061072.73364834,-105549680763.834,-105810113203.374,-208.512757957407,-48227452.2942821,-53223411.5697341
-717984.767922698,-106033338273.021,-106265211154.534,1066357.19569463,-106816546746.438,-107116763203.819,-211.728232086487,-47747651.6708806,-58920045.9626032
-727167.719627006,-104771406141.451,-104949420308.503,1071595.82281487,-108068433739.13,-108400479789.025,-214.964251578041,-47264746.7090936,-64313036.9398117
-736395.618600834,-103494747956.687,-103614159360.127,1076788.08671525,-109305180390.756,-109660080587.593,-218.220635705475,-46780827.6640166,-69237409.3244718
-745667.908408444,-102203528252.381,-102261113521.852,1081933.46563305,-110526624556.41,-110894624450.76,-221.49720108227,-46297849.3463176,-73539266.8501862
-754984.026766408,-100897911535.595,-100892128393.277,1087031.44439769,-111732602969.983,-112103439716.476,-224.793761704506,-45817607.6063723,-77077702.0345637
-764343.405619754,-99578062653.7,-99509178086.7811,1092081.51449115,-112922950871.43,-113286156133.019,-228.110128986268,-45341683.0291739,-79729370.8744944
-773175.412841216,-98325251791.2258,-98198892203.0141,1096781.94232709,-114026889421.139,-114373507322.528,-231.243719936136,-44899553.2416933,-81330638.1365213
-782044.617439589,-97060166612.3864,-96879592378.1344,1101439.229719,-115116744803.537,-115438033338.912,-234.394464070187,-44463023.1835344,-82012708.8520157
-790950.534792803,-95782949841.3049,-95552793041.3302,1106052.97130448,-116192376620.208,-116480175369.692,-237.562198868713,-44032545.7216363,-81743178.1091983
-799892.676016018,-94493747062.1132,-94219891544.7613,1110622.76708024,-117253643035.18,-117500636433.922,-240.746759846968,-43608219.2608164,-80518499.6521249
-808870.548019076,-93192707231.9618,-92882124918.9489,1115148.22244357,-118300401505.375,-118500323142.291,-243.947980557041,-43189816.2489768,-78361669.3446186
-817883.65356429,-91879983116.1429,-91540532949.1201,1119628.94823319,-119332509654.719,-119480275769.375,-247.165692589625,-42776828.3384153,-75318555.0732492
-826931.491324407,-90555731348.4275,-90195951701.9494,1124064.56076955,-120349825265.44,-120441670050.135,-250.399725576882,-42368459.9634226,-71458418.5878381
-836013.555941128,-89220112623.1521,-88848996334.7817,1128454.68189467,-121352206487.41,-121385801246.345,-253.649907197387,-41963632.3899248,-66873586.2732036
-844412.260772966,-87979460449.4411,-87606021069.757,1132459.44922124,-122262528123.544,-122241613481.029,-256.658995591237,-41592646.9159416,-62099391.2666263
-852839.193928887,-86729429202.975,-86361434457.2773,1136424.98578179,-123159941650.097,-123084897544.591,-259.681510128695,-41222456.8621929,-56897270.1839374
-861293.951169653,-85470154156.0824,-85115181492.311,1140351.00831785,-124044340531.223,-123916646672.868,-262.717311630265,-40851851.0701582,-51369414.1699011
-869776.125512994,-84201773571.8568,-83867038345.4895,1144237.23765864,-124915620153.428,-124737808484.801,-265.766259553811,-40479543.6611583,-45624123.3990918
-878285.307273192,-82924428436.7923,-82616633019.5098,1148083.39874561,-125773678221.798,-125549253449.437,-268.82821201492,-40104221.6430559,-39771937.7499826
-886821.084100835,-81638262090.2727,-81363474383.2205,1151889.22065678,-126618415123.927,-126351745967.618,-271.903025809431,-39724595.9258067,-33921490.3990901
-895383.041022803,-80343420045.1715,-80106965669.3275,1155654.43663063,-127449733970.667,-127145941708.785,-274.990556436671,-39339414.1339732,-28178465.9793303
-903970.760482146,-79040049793.4444,-78846419190.5867,1159378.78408957,-128267540688.407,-127932380745.934,-278.090658124177,-38947478.5378447,-22644142.7311071
-913453.74622931,-77595565321.2081,-77453211658.9225,1163431.12479998,-129152081208.173,-128789615880.891,-281.517732066031,-38506928.6176975,-16902024.5258703
-922966.879135719,-76141127135.9229,-76053171080.2454,1167433.28736742,-130020020046.752,-129638266951.02,-284.95966417915,-38055590.129272,-11634609.0832345
-932509.591653101,-74676937061.2237,-74645252967.4473,1171384.93929021,-130871244482.278,-130478497472.658,-288.416254866785,-37592354.1709778,-6937412.37989338
-942081.312689343,-73203198148.8878,-73228408917.7366,1175285.7543502,-131705646209.94,-131310282028.627,-291.887302812128,-37116306.7044011,-2890161.31129369
-951681.467674913,-71720114216.5624,-71801622381.8001,1179135.41264754,-132523121165.432,-132133421557.646,-295.372605005839,-36626738.6519342,444027.640476104
-961309.478629636,-70227889390.1108,-70363944048.9249,1182933.60063492,-133323569223.29,-132947568794.071,-298.871956770105,-36123145.2995552,3018600.52421926
-970964.764229635,-68726728132.7222,-68914487669.1838,1186680.01115111,-134106894004.556,-133752244806.62,-302.385151783241,-35605206.4434877,4801953.19716313
-980646.739874715,-67216835213.8822,-67452430752.7123,1190374.34345389,-134873002803.747,-134546845824.657,-305.911982098344,-35072779.8048031,5776896.66471072
-990280.46940652,-65710060330.0653,-65988400468.4171,1193988.64774721,-135616145150.206,-135324709774.582,-309.425110614747,-34530154.2819643,5943772.39763895
-999939.325945038,-64195088111.0365,-64510640296.1432,1197551.09631228,-136342162010.007,-136091164614.888,-312.951253939946,-33973514.4335873,5323925.20847089
-1009622.7290278,-62672118299.6241,-63018624279.7467,1201061.41418728,-137050972416.705,-136845350166.157,-316.490204183934,-33403208.4096583,3940022.51573787
-1019330.09527801,-61141350422.2934,-61511922902.7132,1204519.33275669,-137742498579.17,-137586319925.024,-320.041751923923,-32819745.1939571,1827760.47707654
-1029060.83847057,-59602983670.6474,-59990210929.9635,1207924.58978012,-138416665740.833,-138313053281.668,-323.605686214279,-32223787.3147889,-964728.106823303
-1038814.36959845,-58057216790.6573,-58453274615.6119,1211276.92942052,-139073401996.6,-139024471163.294,-327.181794597956,-31616139.5716233,-4377789.61625073
-1048590.09693916,-56504248008.0142,-56901015968.7248,1214576.10227187,-139712638357.189,-139719431553.559,-330.76986311969,-30997756.3363315,-8339655.91815465
-1058387.42612149,-54944274832.9114,-55333466812.925,1217821.86538623,-140334308760.255,-140396729320.956,-334.369676341792,-30369751.42001,-12765642.1075427
-1068296.61710588,-53362979243.0137,-53736113990.1085,1221043.23930007,-140943850971.564,-141061126148.966,-338.01445373824,-29727461.3371161,-17605422.2304522
-1078226.58685108,-51774950072.9068,-52123734014.0419,1224209.73426955,-141535373714.599,-141704961095.891,-341.670748586962,-29078106.6597793,-22707668.6268355
-1088176.71656093,-50180386851.8334,-50496855523.0133,1227321.12071789,-142108816651.694,-142326925611.006,-345.338334967083,-28423261.8273106,-27950546.9376583
-1098146.38497157,-48579487230.3905,-48856226595.1596,1230377.17587537,-142664121611.7,-142925719266.104,-349.016985527758,-27764650.1034882,-33200167.2248235
-1108134.96842234,-46972447025.2746,-47202809194.3067,1233377.68380449,-143201231999.549,-143500098420.011,-352.706471526257,-27104089.5345906,-38314974.6797664
-1118141.84092683,-45359460352.252,-45537766441.0355,1236322.43542453,-143720092139.238,-144048930274.349,-356.406562869235,-26443428.3402745,-43150998.988968
-1128166.3742442,-43740719471.203,-43862473275.9884,1239211.2285354,-144220646937.743,-144571220831.563,-360.117028156459,-25784523.5877035,-47563586.205336
-1138207.93795057,-42116414911.5628,-42178504332.7584,1242043.86784079,-144702841351.205,-145066158902.268,-363.837634725228,-25129187.4028411,-51411768.7033186
-1148952.92540357,-40375321767.5341,-40371929046.131,1245007.58552926,-145197598861.379,-145564052530.598,-367.82310715063,-24434889.3951595,-54758179.5092916
-1159715.85167912,-38628326277.4679,-38559619419.0968,1247906.78725372,-145671270609.413,-146029808226.476,-371.819598849782,-23748247.8823583,-57184221.9928946
-1170495.94056975,-36875659497.4496,-36743801302.1407,1250741.26122048,-146123786252.254,-146463411707.172,-375.826821737942,-23070693.5988867,-58581422.0561233
-1181292.41341322,-35117553602.9347,-34926676000.0441,1253510.8047409,-146555072333.099,-146865348094.539,-379.84448629105,-22403129.4698117,-58884237.1563007
-1192104.48919375,-33354243250.9478,-33110306835.4775,1256215.22425843,-146965053738.832,-147236484208.395,-383.872301571618,-21745971.1853535,-58066758.3019974
-1202931.3846434,-31585966877.5281,-31296510966.2201,1258854.33537464,-147353655381.645,-147577932613.553,-387.909975247663,-21099210.2178058,-56137588.449116
-1213772.31434384,-29812966737.8346,-29486853374.7086,1261427.96287435,-147720801640.662,-147891097675.876,-391.957213616414,-20462362.5376825,-53144009.4593724
-1224626.49082827,-28035489256.6664,-27682615622.4325,1263935.94074972,-148066416492.711,-148177665587.634,-396.013721618813,-19834457.2528834,-49172904.9498563
-1233378.35907209,-26600690555.9159,-26233880124.7929,1265908.21245629,-148329095075.367,-148390279205.636,-399.287678009,-19334359.2263948,-45337042.8134305
-1242137.89616825,-25163284291.6337,-24789544572.0619,1267837.71183946,-148577719515.256,-148587669607.085,-402.567300631947,-18838435.1276529,-41008667.4997921
-1250904.68796617,-23723406239.4103,-23349781244.0281,1269724.36523611,-148812253880.96,-148770763586.601,-405.852433398604,-18345783.9378073,-36265224.0877904
-1259678.31960914,-22281194121.9642,-21914623292.2424,1271568.10289232,-149032663724.62,-148940473152.444,-409.142919670421,-17855423.375469,-31190776.3527252
-1268458.37556934,-20836787465.2449,-20483975487.2873,1273368.85897018,-149238916372.556,-149097672093.561,-412.438602269762,-17366321.6791859,-25873423.6707279
-1277244.43968286,-19390327391.9865,-19057630047.4415,1275126.57155437,-149430981205.432,-149243173389.458,-415.739323492509,-16877432.0637685,-20402500.5727667
-1286036.09518489,-17941956477.8296,-17635277380.8107,1276841.18265843,-149608829705.984,-149377725501.634,-419.044925122041,-16387704.3453391,-14867631.652859
-1294832.92474466,-16491818627.8761,-16216515167.9425,1278512.63823075,-149772435541.705,-149502005816.809,-422.355248445548,-15896098.2712111,-9357647.86886727
-1304711.41405831,-14862377372.6518,-14627897134.4962,1280337.08543884,-149939061594.124,-149629966306.922,-426.075911797953,-15340902.3907111,-3307828.15725035
-1314595.30280003,-13231099556.5135,-13042429570.5141,1282107.04605099,-150087687627.198,-149746400596.38,-429.802096337717,-14780769.9943401,2490216.75974868
-1324483.99878805,-11598192505.5903,-11459287362.5751,1283822.46141709,-150218287538.44,-149851842951.78,-433.533575649149,-14214495.2376969,7932367.14506731
-1334376.90918033,-9963864493.22753,-9877586287.29832,1285483.27916577,-150330839276.557,-149946668309.087,-437.270122666929,-13640998.5653299,12924748.5986674
-1344273.44053754,-8328324308.55014,-8296416367.6182,1287089.45321242,-150425324851.016,-150031091713.072,-441.011509712669,-13059350.4791707,17385664.5965512
-1354172.99888614,-6691780782.26568,-6714878701.43864,1288640.94376664,-150501730240.786,-150105175934.973,-444.757508530319,-12468789.3406226,21247044.1418737
-1364074.98978169,-5054442688.85295,-5132091699.06736,1290137.71733913,-150560045247.111,-150168843622.976,-448.507890321887,-11868713.6467901,24453815.0560978
-1373978.81837195,-3416518616.96491,-3547199904.21881,1291579.7467479,-150600263421.823,-150221883297.081,-452.262425779297,-11258682.0862762,26963909.3763516
-1384504.58864472,-1675549221.75146,-1859816823.82585,1293052.11613965,-150623165381.576,-150266216158.092,-456.256523017422,-10599232.8790101,28837999.0849364
-1395031.04741834,65598568.8658328,-168301579.654053,1294462.62494397,-150625629391.617,-150297615841.564,-460.25477496744,-9928142.52953409,29878486.010895
-1405557.47983345,1806677253.7079,1528116357.51924,1295811.26400003,-150607660436.368,-150315429412.026,-464.256904755633,-9245483.64483878,30083778.9085415
-1416083.17084521,3547440514.88842,3230106338.14317,1297098.03221496,-150569267705.339,-150318880509.812,-468.262634980102,-8551530.65578912,29468673.5268644
-1426607.40530987,5287643395.2487,4938224456.12124,1298322.9365682,-150510464315.456,-150307092034.124,-472.271687730695,-7846744.24870372,28063087.9755422
-1437129.46807139,7027042434.32927,6652904843.38557,1299485.99211503,-150431266968.406,-150279114083.772,-476.283784607325,-7131748.12936885,25910174.9406351
-1447648.64404829,8765395626.47753,8374465423.25331,1300587.22198926,-150331695972.765,-150233922232.202,-480.298646739661,-6407326.6280543,23066127.5875513
-1458164.2183204,10502462521.6069,10103102071.349,1301626.65740512,-150211775273.337,-150170415194.994,-484.315994804488,-5674430.49282636,19600650.8272505
-1468872.05343632,12270453511.5471,11871395375.5882,1302622.037976,-150068715127.879,-150085710591.253,-488.410757792193,-4920244.27231306,15515642.5548001
-1479574.65400955,14036611911.7078,13646977919.3402,1303553.3815917,-149904597343.905,-149979543649.739,-492.507514058765,-4159733.77919216,10970624.4497297
-1490271.2653239,15800689578.7729,15429593965.5265,1304420.74712166,-149719457502.526,-149850615754.808,-496.60596698185,-3394365.9061528,6076778.01020771
-1500961.13321614,17562441049.0641,17218784977.9928,1305224.20213707,-149513334533.355,-149697591625.987,-500.705819543514,-2625784.33630882,959640.965075158
-1511643.50417197,19321623657.9738,19013882510.8345,1305963.82290854,-149286270320.47,-149519131277.703,-504.806774365611,-1855780.51015092,-4243251.14962065
-1522317.6254219,21077997615.9986,20814004626.0051,1306639.69440299,-149038309217.433,-149313929345.993,-508.908533751021,-1086254.68048805,-9385528.75842087
-1532982.74503741,22831326390.7768,22618027446.7389,1307251.91027952,-148769497822.04,-149080733282.452,-513.010799728818,-319215.585954639,-14312013.557084
-1543638.11202678,24581376987.6567,24424564953.1124,1307800.57288442,-148479884418.448,-148818388555.822,-517.11327410508,443252.966171546,-18861432.7954075
-1554211.51409854,26316200586.7318,26219869564.6127,1308282.74550704,-148171671457.245,-148528010647.502,-521.188104740092,1194076.96157333,-22852573.4110031
-1564773.82035186,28047341364.8533,28014228081.2294,1308702.44254472,-147843031005.678,-148207208913.284,-525.262554130516,1936447.22112216,-26167034.0448252
-1575324.29813324,29774579398.5939,29805688442.0876,1309059.78971138,-147494010715.386,-147855512506.516,-529.336329737096,2668603.91741774,-28669717.2782794
-1585862.21607409,31497697328.761,31592124969.1778,1309354.92114869,-147124656131.69,-147472849790.447,-533.409139037604,3389081.67730484,-30249454.1570697
-1596386.84418351,33216478698.3833,33371375943.6381,1309587.97941652,-146735010975.615,-147059525160.104,-537.480689575222,4096777.07824724,-30824487.9979053
-1606897.4539412,34930706193.1162,35141389111.9575,1309759.11548227,-146325117559.488,-146616184981.774,-541.550689000226,4791009.88262425,-30347449.4868086
-1617393.31839019,36640161487.9918,36900236651.6282,1309868.48870945,-145895016314.015,-146143855714.291,-545.618845114183,5471571.99281307,-28809333.8344236
-1627873.71222985,38344624586.5515,38646171390.1221,1309916.26684505,-145444746015.528,-145643925101.169,-549.684865903445,6138745.07625327,-26240932.1770889
-1636339.18371557,39719509282.2183,40048035970.263,1309909.97233578,-145065807405.2,-145220415253.268,-552.971989535524,6669093.39513959,-23454642.9017228
-1644793.67773819,41090860979.9892,41439981504.6615,1309863.5901556,-144673719318.779,-144780805745.72,-556.257370823125,7191733.28275448,-20089069.8576454
-1653236.81307675,42458558001.6399,42821581099.863,1309777.22108045,-144268503475.987,-144326058323.87,-559.540855536079,7707374.36178207,-16206053.9510074
-1661668.20936319,43822477066.123,44192561193.893,1309650.96945191,-143850182515.953,-143857156496.259,-562.822289548023,8216849.05336394,-11877412.5377473
-1670087.48711452,45182493396.2425,45552793758.8646,1309484.94317128,-143418780390.028,-143375073452.778,-566.101518841435,8721074.17180684,-7181818.26825663
-1678494.26776507,46538480904.5404,46902282066.1243,1309279.25369347,-142974322737.567,-142880741360.863,-569.378389513754,9221009.73275619,-2201451.45380773
-1686888.17369877,47890312372.1751,48241147022.6907,1309034.01602055,-142516836959.676,-142375045198.044,-572.652747784832,9717643.44551528,2979260.37150895
-1695268.828281,49237859598.7683,49569615860.2855,1308749.34869516,-142046352305.866,-141858815532.011,-575.924440005736,10211975.5713214,8274873.18815801
-1704587.50934441,50733615501.7895,51037473861.544,1308386.00465461,-141507041606.823,-141272319552.251,-579.565267921075,10761054.3673489,14207692.9140285
-1713888.76662351,52223717031.4965,52493381892.2095,1307974.06768173,-140951689552.144,-140674597252.537,-583.202385862183,11309778.9393347,20068913.912474
-1723172.08424868,53707984665.3854,53937970456.6725,1307513.7170375,-140380346098.025,-140066439388.276,-586.835582192598,11859363.7122011,25754119.0453697
-1732436.94807075,55186238464.1924,55371950479.543,1307005.137385,-139793064612.448,-139448505624.681,-590.464645568468,12410937.0935877,31165889.3159227
-1741682.84571604,56658298401.3856,56796088018.6686,1306448.5187757,-139189901926.262,-138821320015.322,-594.089364969565,12965519.9631259,36215552.7845047
-1750909.26664137,58123984747.4673,58211174522.9468,1305844.05663526,-138570918322.445,-138185271490.999,-597.709529731904,13524006.5027816,40824743.2797392
-1760115.70218899,59583118188.174,59618018713.1595,1305191.95174879,-137936177410.544,-137540623664.68,-601.324929581194,14087168.5383662,44925048.4892638
-1769301.64564126,61035519939.597,61017438708.4312,1304492.41024568,-137285746089.102,-136887517473.86,-604.935354666319,14655652.843703,48458229.94457
-1779729.64006562,62679931751.2741,62601943956.3287,1303638.8968608,-136526559882.272,-136134004496.038,-609.037685125064,15309676.6906698,51731756.4759963
-1790129.7023541,64315135008.9915,64178994879.6864,1302724.54543442,-135747253720.008,-135369384580.073,-613.132994112686,15971734.6296734,54162402.0787356
-1800501.09545184,65940871318.1809,65749646695.011,1301749.68484515,-134947941006.183,-134593340752.832,-617.220974680418,16642118.593073,55718137.3183087
-1810843.08594974,67556884480.4364,67314874794.0651,1300714.65281499,-134128740328.324,-133805374075.242,-621.301320809256,17320872.4087817,56387120.2105887
-1821154.94418817,69162920855.8548,68875548105.1519,1299619.79587462,-133289775107.446,-133004831158.951,-625.373727452236,18007803.6861112,56176731.4585209
-1831435.94436059,70758729682.83,70432405907.3979,1298465.46932746,-132431173105.521,-132190943220.032,-629.437890572505,18702509.821346,55111462.1301218
-1841685.36461679,72344063025.355,71986064908.6289,1297252.03721259,-131553066367.754,-131362829767.113,-633.493507182693,19404386.033382,53232261.7056844
-1851902.48716626,73918675884.74,73537012960.7678,1295979.87226643,-130655591195.951,-130519499727.266,-637.54027537611,20112622.8884128,50596740.0776415
-1861915.22495421,75456063974.0744,75059480203.5837,1294672.26276502,-129754496837.695,-129674534095.13,-641.509918661996,20814167.2826104,47338134.1343248
-1871895.38068397,76982630012.9914,76579796386.0651,1293308.62277861,-128834953249.779,-128812772782.796,-645.470433749423,21519797.788795,43500477.166603
-1881842.28430391,78498150595.4083,78097986354.0171,1291889.3308714,-127897100039.837,-127933113757.407,-649.421536925424,22228282.0607641,39176239.4756365
-1891755.26993532,80002405803.195,79613904414.311,1290414.7735799,-126941080052.594,-127034407637.71,-653.362945571748,22938225.6264023,34471096.2013009
-1901633.67596613,81495179252.3162,81127233122.1541,1288885.34537216,-125967039052.467,-126115482386.426,-657.294378188034,23648098.0055598,29501805.4709425
-1911476.84514447,82976258097.1867,82637485458.1007,1287301.44860609,-124975125360.128,-125175171714.594,-661.215554418391,24356264.8455906,24393597.6130449
-1921284.124672,84445433287.7816,84143986458.7125,1285663.49348652,-123965489850.977,-124212314046.374,-665.126195080973,25060976.1791107,19281130.1947142
-1931054.86629685,85902499890.5416,85645849655.054,1283971.89802145,-122938285737.59,-123225769012.375,-669.026022202219,25760370.0338491,14308195.592737
-1940854.41939163,87357028933.8569,87152126258.6873,1282215.05422126,-121886512151.69,-122207538508.425,-672.94113730043,26457233.3086235,9590063.33618684
-1950615.63212902,88798880419.5001,88651231580.5077,1280404.7128042,-120817246592.88,-121163255134.116,-676.844729874629,27144791.8702923,5316304.1312452
-1960337.85749402,90227857998.6341,90141614977.1513,1278541.32404492,-119730649120.436,-120092095195.564,-680.736520235274,27821099.0845254,1637544.01447139
-1970020.45352416,91643770287.3387,91621459041.7494,1276625.34604389,-118626879593.769,-118993462992.331,-684.616230140105,28484283.2758649,-1301643.37524762
-1979662.78340429,93046429928.4259,93088758410.05,1274657.24467666,-117506097013.173,-117867043020.264,-688.483582855609,29132651.8067466,-3371193.15095457
-1989264.21556094,94435652480.3935,94541412603.8583,1272637.49354215,-116368458817.82,-116712855619.077,-692.33830321869,29764807.0856694,-4464974.95252814
-1998824.12375632,95811256305.7261,95977237651.2923,1270566.57390973,-115214120218.618,-115531309758.072,-696.180117701097,30379709.4793037,-4505903.7771583
-2008341.8871819,97173061664.761,97394042256.4141,1268444.97466523,-114043233788.34,-114323234881.626,-700.008754468879,30976757.4289791,-3452449.06487875
-2016356.41394879,98313653263.4039,98575747019.4705,1266611.85273713,-113040375191.938,-113281933703.573,-703.235625133159,31467629.7529608,-1710100.93953046
-2024339.9993405,99444140633.1396,99741360481.373,1264743.15522157,-112025882089.279,-112223506743.354,-706.452718608922,31945973.8885962,785802.523852073
-2032292.27741947,100564413136.688,100889972042.749,1262839.19025025,-110999843631.527,-111149046560.312,-709.659873529454,32412301.3803978,3989324.20823593
-2040212.8851978,101674358604.775,102020875413.673,1260900.26974122,-109962348492.73,-110059786938.079,-712.856929466126,32867397.1173825,7832338.94465165
-2048101.46267663,102773863211.223,103133579831.002,1258926.70937304,-108913485717.23,-108957033321.344,-716.043726935194,33312252.6044033,12229956.4243078
-2055957.65288538,103862811515.078,104227807696.982,1256918.82855864,-107853345604.876,-107842090169.409,-719.220107403377,33747987.7307267,17086878.8528306
-2063781.10192087,104941086590.3,105303485097.212,1254876.95041859,-106782019859.396,-106716248177.549,-722.385913294829,34175831.5590899,22298962.3227899
-2071571.45898616,106008570204.872,106360728297.764,1252801.4017541,-105699601834.859,-105580763516.113,-725.540987997182,34597092.0095948,27755680.626018
-2079614.39141362,107103978645.197,107437875033.203,1250613.94365566,-104565570687.582,-104394336674.362,-728.801160058462,35028325.6848035,33557542.1448069
-2087620.98300038,108187521428.7,108495974215.017,1248391.00836286,-103419825371.648,-103199920173.188,-732.04945333624,35455264.9524451,39386972.8149688
-2095590.85345299,109259064807,109535604931.791,1246132.97261027,-102262478771.637,-101998534131.286,-735.285696542938,35879236.2983638,45131540.5934732
-2103523.62625086,110318475005.385,110557450498.055,1243840.21725532,-101093646865.564,-100791058835.277,-738.509719552315,36301480.0735353,50685844.6403814
-2111418.92869186,111365618630.857,111562266529.348,1241513.1272433,-99913448778.4485,-99578229439.1339,-741.721353420839,36723124.9669112,55953590.3703325
-2119276.39193783,112400363133.154,112550844706.173,1239152.09157187,-98722006758.0526,-98360636975.1442,-744.9204304119,37145166.6572203,60849324.9760476
-2127095.65105955,113422576954.281,113524001842.483,1236757.50325504,-97519445970.0806,-97138744023.5869,-748.106784020916,37568477.410084,65297658.195378
-2134876.34508177,114432129624.5,114482573300.878,1234329.75928667,-96305894403.8032,-95912891393.3409,-751.280249003006,37993808.7347037,69233047.1628172
-2143326.33323741,115519683546.951,115513384731.862,1231641.92511502,-94968624668.1623,-94570307268.6968,-754.729916877381,38461161.6999222,72881854.0365141
-2151729.47197275,116591827427.873,116528842014.704,1228915.57830079,-93618585289.1462,-93223373527.824,-758.163816107041,38932242.6750354,75801033.2951514
-2160085.30810022,117648397990.033,117529951533.835,1226151.25135097,-92255953748.8283,-91872075658.1874,-761.581737071082,39407480.5383826,77950060.0496762
-2168393.39431169,118689234437.745,118517677095.684,1223349.48220174,-90880911166.0663,-90516250506.547,-764.983472117565,39887114.6467862,79303864.2184762
-2176653.28924566,119714178724.049,119492920035.731,1220510.81415785,-89493642118.4584,-89155599107.1531,-768.368815604776,40371196.4604017,79852699.5996035
-2184864.55755396,120723075823.901,120456498822.012,1217635.79583113,-88094334365.9411,-87789707480.0875,-771.737563939889,40859599.4201526,79601342.2242008
-2193026.76996796,121715773732.132,121409151011.056,1214724.98107808,-86683178748.1581,-86418053282.8308,-775.089515617533,41352026.8045196,78568452.9147502
-2201139.50336402,122692123566.188,122351526671.899,1211778.9289367,-85260369133.6887,-85040008226.4395,-778.424471252288,41848010.3287701,76786691.9992155
-2210096.9858494,123757827861.8,123387405573.497,1208464.19659881,-83665704520.2246,-83500165965.4745,-782.110574868032,42402614.9552588,73984516.5109342
-2218992.27956382,124802967124.302,124411798749.796,1205107.42164034,-82057162827.4221,-81950455741.7994,-785.775175763216,42959716.2732094,70397623.7057902
-2227824.83102492,125827352215.003,125425100438.152,1201709.3933347,-80435021068.3445,-80389722235.6143,-789.418009690419,43518036.9520353,66122666.2570859
-2236594.09653601,126830799995.201,126427482066.76,1198270.90843703,-78799559900.9885,-78816716361.3186,-793.038815771166,44076058.654458,61275973.4866548
-2245299.54229155,127813133317.48,127418895816.181,1194792.77106898,-77151063041.9752,-77230139797.1874,-796.637336517406,44632073.066279,55989404.9942904
-2253940.64448156,128774180890.29,128399088447.604,1191275.79260185,-75489816601.4675,-75628695871.594,-800.213317852664,45184245.7929124,50405158.6562707
-2262516.88939467,129713777515.525,129367584786.607,1187720.79153821,-73816109154.6646,-74011080548.5221,-803.766509135284,45730597.3396552,44677316.8991295
-2271027.77351998,130631764445.835,130323661441.444,1184128.59339181,-72130231551.1388,-72375994674.6183,-807.296663182209,46269001.995531,38971938.0485024
-2279065.48342553,131485104244.6,131221053544.064,1180676.52318485,-70514937229.8967,-70802762625.6357,-810.634299931814,46772009.1570712,33716306.97517
-2287043.14497072,132318612158.552,132105295824.829,1177192.24698166,-68889139520.3337,-69211658855.3793,-813.950648304552,47263951.0774691,28783873.4130289
-2294960.35051418,133132167421.068,132975172422.353,1173676.49318995,-67253091574.4727,-67601820208.7073,-817.245504197905,47742918.2168473,24324294.1467523
-2302816.70109499,133925655076.56,133829230115.936,1170129.99556936,-65607046383.2714,-65972541432.9555,-820.518666473209,48207032.5510517,20484745.0211615
-2310611.80650746,134698965535.26,134665816530.036,1166553.49313179,-63951256251.3064,-64323315170.7538,-823.769937004753,48654514.662747,17404470.0890077
-2318345.28537502,135451994004.473,135483128352.255,1162947.73004066,-62285972214.8698,-62653876522.4656,-826.999120734474,49083761.5669539,15208458.5721337
-2326016.76522302,136184640610.526,136279203392.945,1159313.45550899,-60611443392.7187,-60964253050.0797,-830.206025729647,49493397.2780897,14003337.0741974
-2333625.88255045,136896809947.444,137051959204.654,1155651.42369649,-58927916218.3661,-59254824381.4521,-833.390463243209,49882360.7307406,13870226.3019966
-2340622.98861155,137538571488.133,137745654934.59,1152232.85383229,-57359582533.4717,-57653287419.7135,-836.321982990187,50223912.6774972,14742731.2022778
-2347565.93305982,138162587171.671,138415963312.599,1148791.69520758,-55783917272.4984,-56036344485.6078,-839.233894136736,50547077.5021709,16578900.3382077
-2354454.44736791,138768785535.358,139061425938.756,1145328.5593658,-54201109537.7317,-54405175322.1116,-842.126053950902,50852086.7410225,19356055.780401
-2361288.26982985,139357094689.159,139680803714.363,1141844.06120214,-52611345394.074,-52761297199.2261,-844.998322204429,51139668.3466472,23011245.9014817
-2368067.14560636,139927441671.646,140273130407.008,1138338.81888974,-51014809310.2163,-51106445797.9085,-847.850561189815,51410947.2090412,27449330.0271785
-2374790.82676927,140479751947.3,140837754704.863,1134813.45380507,-49411685764.7595,-49442442669.9513,-850.68263573114,51667324.1505712,32552812.2443177
-2381459.07234521,141013949161.742,141374361291.211,1131268.59045274,-47802159214.2901,-47771195798.5292,-853.494413196362,51910488.5892118,38180812.6518123
-2388071.64835858,141529955109.568,141882974618.586,1127704.85638958,-46186414630.5043,-46094653892.2486,-856.285763502467,52142370.4011927,44172979.397652
-2394342.43692606,142006281805.078,142343449308.101,1124280.08104073,-44635768519.2102,-44488168775.8224,-858.93568032855,52355285.0414016,50099014.2252083
-2400561.92395499,142465831749.14,142779170123.984,1120839.18147835,-43079775637.4709,-42879900156.4411,-861.566693554856,52561325.9685977,56072148.1405089
-2406729.92303711,142908534464.637,143190820559.027,1117382.71383062,-41518605409.0065,-41271127531.3083,-864.178695984762,52762095.985332,61959228.3085146
-2412846.25374781,143334319577.31,143579237654.321,1113911.23652349,-39952430164.2291,-39662956357.7438,-866.771582558249,52959094.9479833,67635525.6624466
-2418910.74167723,143743117479.831,143945358872.742,1110425.31021729,-38381425269.1699,-38056305859.8843,-869.345250362981,53153675.2891642,72988349.6906217
-2424923.21846061,144134860074.088,144290162599.979,1106925.49774278,-36805769105.5435,-36451908919.4423,-871.899598648932,53347007.2799599,77919871.808258
-2430883.52180813,144509480949.659,144614654446.328,1103412.3640368,-35225642750.9162,-34850336325.4491,-874.434528843107,53540097.7103969,82345607.6808438
-2436791.49553396,144866915490.958,144919859328.325,1099886.47607753,-33641229805.2423,-33252009118.6276,-876.949944568733,53733798.5599607,86193713.1315565
-2443202.45163368,145238629038.25,145233190293.689,1096010.50108612,-31901075537.4473,-31505337417.0462,-879.682651130641,53947425.3704235,89681040.1219294
-2449550.25671753,145589570360.986,145525836495.337,1092120.65713351,-30156249682.7782,-29763036038.7504,-882.391711677739,54163208.7728182,92353294.6232734
-2455834.73099114,145919664801.291,145799000136.455,1088217.69716541,-28407002720.89,-28025122951.6191,-885.077008847696,54381587.8970859,94171614.9886091
-2462055.70361226,146228841427.348,146053822847.915,1084302.37666766,-26653587999.4188,-26291451787.2677,-887.738428596206,54602782.3631659,95115067.905757
-2468213.01273135,146517033256.438,146291368662.039,1080375.45356048,-24896261486.47,-24561729093.3291,-890.375860237115,54826801.182997,95179926.0590509
-2474306.50553102,146784177487.961,146512606142.783,1076437.688092,-23135281396.5757,-22835541849.8123,-892.989196480585,55053462.6255702,94378054.821785
-2480336.03826425,147030215434.651,146718415007.781,1072489.84273101,-21370908082.5747,-21112363353.1617,-895.578333470442,55282404.1717703,92736104.2824327
-2486301.47629109,147255092605.194,146909580412.838,1068532.68205923,-19603404030.7345,-19391550698.564,-898.143170815749,55513076.2976139,90296015.3078513
-2492640.62281162,147473110341.792,147099426361.019,1064270.62302807,-17700773095.6902,-17544088097.4432,-900.872266586343,55762060.9400494,86848964.9670686
-2498905.4598026,147666576869.701,147273759770.097,1059999.64521737,-15795162019.009,-15697482469.5252,-903.573071924484,56011064.8685113,82634861.9014751
-2505095.85561618,147835442353.619,147433068382.272,1055720.70482141,-13886902631.1253,-13850640304.6288,-906.245475791948,56258784.1187404,77756668.7291266
-2511211.69093662,147979663751.454,147577621569.762,1051434.76024635,-11976328673.4169,-12002372648.0137,-908.889371869069,56503678.7182154,72336655.0354813
-2517252.85882314,148099204848.789,147707468694.968,1047142.77195084,-10063775183.9475,-10151440706.2966,-911.504658558623,56744023.0207287,66512307.0220111
-2523219.26475073,148194036159.853,147822448262.022,1042845.70228576,-8149577789.37047,-8296609053.41691,-914.091238985799,56977970.6805776,60431047.3553686
-2529110.82664889,148264135127.972,147922172673.849,1038544.51533292,-6234072675.54246,-6436643656.40062,-916.649020998448,57203544.0182549,54251099.375115
-2534927.47493799,148309486390.14,148006007719.423,1034240.17674307,-4317596291.61913,-4570331536.90165,-919.177917164025,57418644.9465266,48140599.10013
-2540487.54873522,148329807414.546,148071231136.095,1030070.75550879,-2461512657.22675,-2756359032.76704,-921.598718404134,57614963.0118964,42447806.3829766
-2545977.30796787,148326921953.018,148119758832.784,1025900.16527716,-605136706.95228,-934510827.761786,-923.99229501019,57797575.494609,37132155.5745833
-2551396.72313078,148300834384.142,148150436628.991,1021729.28572992,1251229073.21608,895992185.961791,-926.358580284643,57964603.1231199,32344561.6109746
-2556745.77580098,148251555470.927,148161891374.492,1017558.9973589,3107284209.45664,2735743677.41572,-928.697511695119,58114249.0411521,28229354.6249837
-2562024.45865955,148179101764.156,148152580027.856,1013390.18132448,4962730600.82998,4585126393.26606,-931.009030898394,58244856.1286298,24919622.3897443
-2567232.77551168,148083494894.723,148120847708.256,1009223.71931336,6817272876.11149,6444287007.69045,-933.293083771379,58354969.011161,22532171.9349986
-2572370.7413049,147964761731.101,148064915392.525,1005060.49339587,8670618937.72478,8313095779.90055,-935.549620443914,58443372.9595618,21164369.2519467
-2577438.38214561,147822934064.418,147982905952.595,1000901.38588259,10522480621.6278,10191096808.9165,-937.778595338248,58509165.1645713,20888348.1963666
-2582165.50825002,147667615224.395,147879739503.366,996973.26814741,12271912762.9412,11974601556.0653,-939.860844666868,58550145.1149514,21665692.0919152
-2586829.83137032,147491711159.308,147750108791.548,993050.367564688,14019527791.0824,13764608377.7632,-941.918383079489,58570446.7365572,23454836.9380592
-2591431.40117428,147295255549.668,147592620675.176,989133.429955888,15765092531.0777,15559885803.8427,-943.95118284525,58570372.6384557,26230440.7608881
-2595970.27628775,147078282582.929,147406083203.024,985223.200885045,17508378135.3609,17358857661.5596,-945.95921979578,58550729.0756442,29926329.0218994
-2600446.52430033,146840826223.772,147189565070.505,981320.425548873,19249158841.4678,19159707005.2827,-947.942473339029,58512742.5297588,34442274.0893264
-2604860.22176973,146582919549.005,146942449784.966,977425.848666641,20987210536.8802,20960495724.7569,-949.900926465081,58457955.4510208,39652467.9620034
-2609211.45422459,146304594322.935,146664470252.893,973540.214369793,22722310838.8315,22759161046.1612,-951.834565752151,58388249.6513381,45403621.3832605
-2613500.31616603,146005880724.704,146355730976.672,969664.266091343,24454238481.2892,24553568342.1506,-953.743381361941,58305799.0570638,51518803.278406
-2617467.13739524,145707144991.081,146038551908.11,966037.662442086,26075896065.9618,26231316522.4314,-955.511490140276,58218796.3995043,57429361.0188745
-2621379.25288495,145390514432.307,145695368387.432,962420.848921031,27694380282.1792,27902047277.5148,-957.257744882144,58124370.8141877,63351816.7510258
-2625236.76218395,145056012033.302,145327006138.818,958814.437102291,29309504334.3494,29564392579.7308,-958.982145983503,58024291.5679718,69142401.1119975
-2629039.7717833,144703660791.502,144934477713.885,955219.0376859,30921079386.1182,31217173895.5073,-960.684696561353,57920219.8313176,74666202.8559662
-2632788.39511196,144333484552.962,144518914427.087,951635.260416833,32528914346.3845,32859421766.1942,-962.365402446468,57813647.8617362,79802110.9351335
-2636482.75253144,143945508943.026,144081490580.324,948063.714003942,34132815848.1822,34490379717.4782,-964.024272179327,57705851.6047728,84446666.2874255
-2640122.97132948,143539761527.886,143623410162.868,944505.006038798,35732588573.1404,36109480088.2082,-965.661317005447,57597910.4542116,88512455.8899587
-2643709.18571276,143116271954.378,143145895292.211,940959.742914459,37328035449.5976,37716330128.4824,-967.276550876251,57490716.2786388,91927379.2358865
-2647832.68640291,142598829354.653,142564654918.229,936833.696918739,39187131660.9692,39578706626.2929,-969.136901046818,57367218.3863045,95025486.3717343
-2651882.83548064,142057248798.624,141960238329.576,932727.810162136,41039726062.6026,41423984146.2463,-970.96750683741,57246337.3485217,97106107.42562
-2655859.88310666,141491593022.733,141334316101.649,928643.043871073,42885497396.5022,43252260865.5865,-972.768404688177,57128516.8475532,98134172.4079399
-2659764.0922753,140901930512.131,140688438893.024,924580.356375809,44724122488.3207,45063869059.2267,-974.539636175705,57013867.1330643,98101846.8254743
-2663595.73878696,140288335693.049,140024021066.428,920540.702932738,46555276797.9172,46859335166.7678,-976.281248042803,56902200.7868854,97025626.0516634
-2667355.11121804,139650889094.365,139342326744.891,916525.035546751,48378635250.7127,48639317038.5724,-977.993292225896,56793095.8413896,94941206.7312929
-2671042.51088813,138989677115.572,138644487780.354,912534.302793758,50193872267.4169,50404606322.3935,-979.675825878668,56685903.2399891,91902881.1401471
-2674658.25182474,138304792134.259,137931494065.872,908569.449643449,52000661592.8934,52156147165.9927,-981.32891138982,56579720.226602,87985700.1804335
-2678001.20454269,137637620608.384,137246242835.537,904856.641157162,53695749448.8319,53795516861.5448,-982.860240955563,56479557.3273397,83571297.6557895
-2681281.06027351,136949590847.444,136548758430.339,901168.448898635,55382768435.304,55424537565.8881,-984.365525875626,56378193.8710387,78549740.1006066
-2684498.11285685,136240795977.011,135839423711.823,897505.654680752,57061445922.0938,57044210293.2097,-985.844831199556,56274382.4325924,73024160.0604551
-2687652.66603771,135511334630.235,135118441987.4,893869.036927469,58731509628.4646,58655599355.0324,-987.298226101486,56166702.5194969,67111866.065555
-2690745.0334308,134761311007.851,134385831167.747,890259.37054309,60392688085.5568,60259798320.5938,-988.725783860084,56053596.1523937,60941450.6234295
-2693775.53848294,133990834851.943,133641424881.861,886677.426781863,62044711171.3485,61857890071.425,-990.127581833832,55933414.0940781,54649032.7337255
-2696744.51443359,133200021583.51,132884860231.134,883123.973117896,63687310234.4159,63450940263.7601,-991.503701434385,55804416.6497628,48378192.1337774
-2699652.30427355,132388992438.762,132115565593.382,879599.773115452,65320218426.8724,65039973781.9951,-992.854228096388,55664793.844473,42278328.7585133
-2702586.24298996,131531881141.417,131308376642.587,875998.131310845,66993146108.2308,66674839335.4009,-994.219778241273,55507863.3647764,36323678.0400334
-2705455.9289659,130653565810.775,130485783435.76,872429.213094156,68655208191.2164,68307263241.9103,-995.558327243487,55335814.6948424,30867012.5216307
-2708261.77021383,129754197171.336,129646577337.17,868893.841080522,70306122116.5063,69937949376.3849,-996.869981926687,55146817.8081043,26059940.3840201
-2711004.18554727,128833932138.989,128789338823.636,865392.832879431,71945610028.4579,71567354810.8871,-998.154853529898,54939206.7709951,22040854.2056781
-2713683.60452144,127892932885.61,127912511891.099,861927.000946315,73573398986.3553,73195676663.1821,-999.413057695142,54711536.6958349,18930302.3321567
-2716300.46737144,126931365795.606,127014487180.843,858497.152434725,75189221103.5401,74822844790.1869,-1000.64471446274,54462638.8965146,16826506.5035138
-2718855.22494843,125949401563.761,126093592299.109,855104.089049191,76792814048.5196,76448485046.7213,-1001.84994826653,54191657.4505971,15802390.4929253
-2721348.33865346,124947214794.25,125148122616.367,851748.606898763,78383921533.7358,78071883527.8748,-1003.02888793868,53898107.2872909,15900859.6984611
-2723562.74197922,124018293831.434,124265552997.135,848730.030118005,79820011984.0511,79545589837.7003,-1004.07843579945,53611479.8576486,16971503.8080421
-2725726.90463371,123072924476.889,123360250295.801,845743.785828114,81245382903.875,81015566588.6558,-1005.10644607912,53306434.4408556,18956125.8557766
-2727841.19621212,122111241764.954,122431241444.927,842790.460342518,82659853811.341,82480616172.1364,-1006.11302524575,52983536.2841224,21811671.6572708
-2729905.99334297,121133380754.407,121477741700.276,839870.635767041,84063248464.2462,83939310291.6486,-1007.09828281146,52643720.2307021,25465134.0456829
-2731921.67964083,120139476078.224,120499189949.229,836984.889910939,85455394059.7008,85390057410.7567,-1008.06233132969,52288233.698678,29818186.6462801
-2733888.64565779,119129661568.857,119495277851.236,834133.796198484,86836120286.186,86831182180.1781,-1009.00528638667,51918562.5692746,34753206.3572955
-2735807.28883382,118104069973.415,118465971638.395,831317.923581052,88205259286.1888,88260930853.1717,-1009.9272665914,51536437.0834133,40132793.8922745
-2737678.01344586,117062832704.457,117411530991.162,828537.83644983,89562645225.382,89677508658.1149,-1010.82839355709,51143799.7745719,45802379.2265335
-2739436.89678752,116044105756.736,116371478946.115,825891.502006635,90860243024.4099,91029431329.3124,-1011.67768899567,50757077.1566034,51397641.2308179
-2741151.98150844,115011067834.772,115309305522.995,823279.459530258,92146610560.5953,92366109578.5334,-1012.50782495326,50364246.8079657,56970830.8450225
-2742823.64786495,113963834407.447,114225916118.58,820702.202551643,93421599308.6715,93686259351.1947,-1013.31891824191,49967060.1710199,62382777.2195118
-2744452.28184154,112902520518.184,113122405697.84,818160.220368128,94685060023.488,94988769647.7046,-1014.11108815711,49567178.6270476,67501695.5449235
-2746038.27510343,111827241550.45,111999995301.98,815653.997973425,95936842455.7487,96272727518.607,-1014.88445644927,49166109.6027586,72208378.6090418
-2747582.0249482,110738114099.677,110859959881.906,813184.015988151,97176795237.9566,97537429213.1408,-1015.63914729713,48765153.572765,76400502.9391709
-2749083.93425647,109635256130.863,109703614156.721,810750.750590863,98404766093.7739,98782365031.6263,-1016.37528728062,48365413.1621139,79991888.3455102
-2750544.41144161,108518787174.625,108532295321.881,808354.673449743,99620601977.7009,100007209822.428,-1017.09300535829,47967794.2269207,82912409.4950434
-2752187.42456934,107206613449.177,107156286841.077,805622.062125891,101015754051.961,101402879855.222,-1017.90276103176,47509997.1153324,85396054.0059705
-2753775.88425338,105876478848.907,105763762293.12,802940.854945088,102394124833.226,102771388801.612,-1018.68810732985,47056613.2567286,86860582.6061372
-2755310.45567723,104528582866.395,104356508449.244,800311.764883981,103755473955.831,104112978263.929,-1019.44925750974,46608040.677256,87279419.8990588
-2756791.81363432,103163129871.534,102936175749.744,797735.496225395,105099561052.702,105428125197.43,-1020.1864290436,46164335.1450887,86653918.2496632
-2758220.64241182,101780329303.791,101504259537.969,795212.744421302,106426146400.05,106717493226.636,-1020.89984360976,45725255.6820134,85009659.0299754
-2759597.63567246,100380395784.999,100062087694.71,792744.195957343,107734991811.673,107981863635.474,-1021.58972708322,45290336.6781781,82390591.9330044
-2760923.49633419,98963548780.5507,98610844916.4833,790330.52821907,109025860673.136,109222136208.971,-1022.25630952075,44858900.6170642,78858000.4702395
-2762198.93644783,97530012591.7566,97151570024.7736,787972.409359728,110298517782.909,110439345720.325,-1022.8998251464,44430038.3379075,74492105.561098
-2763353.10686112,96166767532.1235,95772559142.1143,785805.907778332,111478608302.378,111564048943.093,-1023.48420767202,44028076.0336527,69710376.7732625
-2764463.92425066,94789158879.5211,94387759969.5874,783689.663186066,112642192112.089,112670316787.855,-1024.048599695,43626366.6453668,64367189.6001683
-2765532.00247429,93397385661.4249,92997608300.1229,781624.208436207,113789079053.722,113759184536.567,-1024.59320604593,43223727.8863737,58564165.3005973
-2766557.96214894,91991651201.1945,91602373707.7304,779610.068770013,114919080805.078,114831744224.952,-1025.11823472886,42818825.0710808,52415395.7511476
-2767542.43055358,90572163178.8486,90202151983.7825,777647.761725701,116032011232.269,115889118484.845,-1025.62389688357,42410197.0201913,46045337.2291533
-2768486.04153091,89139133629.8895,88796862572.5329,775737.797048758,117127686820.293,116932427979.496,-1026.11040674207,41996291.9686845,39585891.1619736
-2769389.43538776,87692779102.633,87386233088.2581,773880.676603554,118205926792.361,117962784098.927,-1026.57798158181,41575467.8112617,33176382.9143259
-2770253.25879412,86233320826.4529,85969782913.9005,772076.894286412,119266553444.909,118981264086.128,-1027.02684167369,41146011.594615,26961976.3356819
-2771108.60195875,84705061471.7438,84492894302.391,770261.827339376,120348474743.659,120026726901.283,-1027.47312390489,40689385.6690678,20871870.0189788
-2771922.76567401,83163189477.2974,83008003729.141,768505.26554871,121411048992.96,121061395755.472,-1027.89974250921,40219763.5486071,15305843.4850324
-2772696.49380202,81607966742.419,81513955355.6603,766807.733171575,122454092012.768,122086052698.546,-1028.30695353807,39735386.426166,10413755.0579734
-2773430.53709406,80039660238.4573,80009367569.4206,765169.744828174,123477426126.96,123101211995.119,-1028.69501624687,39234681.2178377,6330456.8992422
-2774125.65306122,78458540826.0912,78492725597.6686,763591.805406163,124480880388.019,124107104451.151,-1029.06419304161,38716328.6260063,3170262.38964528
-2774782.60584348,76864881958.6889,76962483337.2752,762074.40996695,125464290701.255,125103669855.449,-1029.41474943308,38179326.9205003,1021761.69257987
-2775402.16607746,75258959687.0651,75417059389.4708,760618.04365386,126427500277.608,126090522666.339,-1029.74695398986,37623028.6330647,-55161.5061850399
-2775985.11076262,73641052130.5907,73854876421.0777,759223.181602242,127370359933.475,127066930078.811,-1030.06107830315,37047186.4864027,-33063.3893844858
-2776472.5249718,72195075022.8229,72453036491.5813,758036.915589585,128190139160.837,127924077480.782,-1030.32498903045,36519816.3526887,900416.964286812
-2776932.25690257,70740067545.5997,71036022681.4837,756899.796901626,128993677010.623,128771252608.853,-1030.57506381225,35977630.6778953,2663512.89361398
-2777364.86210245,69276223723.6966,69603099563.6332,755812.13771603,129780882629.28,129607391772.455,-1030.81149852134,35421288.0218754,5208006.25270739
-2777770.899748,67803736626.8204,68153707519.0939,754774.243796663,130551669325.144,130431266609.249,-1031.03449086355,34851730.5610765,8462680.29510527
-2778150.93256759,66322798098.6095,66687482671.2337,753786.414448927,131305953933.358,131241536903.242,-1031.24424036461,34270134.8037568,12337324.4625261
-2778505.52676363,64833598573.4091,65204269670.9996,752848.942476039,132043656088.021,132036810917.323,-1031.4409483536,33677850.008637,16727738.3657419
-2778835.25193423,63336326953.6626,63704129540.3621,751962.114136326,132764698170.636,132815650738.042,-1031.62481794432,33076396.0369494,21515905.8360721
-2779140.68099429,61831170456.9678,62187349969.6644,751126.2091015,133469005048.873,133576594633.334,-1031.79605401136,32467443.3298214,26571621.4215311
-2779418.16950986,60342001997.8216,60678509373.9272,750353.361782116,134145894355.269,134306838038.709,-1031.95247720506,31862326.5009227,31681136.9728582
-2779673.22579715,58845548218.2038,59154739292.9645,749630.378194208,134806426457.588,135017137241.846,-1032.09705730812,31253269.472738,36790402.5992919
-2779906.40531084,57341983583.442,57616891292.1632,748957.506181196,135450532956.903,135706344532.042,-1032.22999455127,30641901.3167386,41772449.1143587
-2780118.26632138,55831481324.8832,56065993406.6282,748334.987255638,136078145920.12,136373445643.848,-1032.35149067885,30029795.9801077,46504827.9803962
-2780309.36983986,54314213968.7884,54503205125.9035,747763.056565464,136689197549.099,137017587559.422,-1032.46174890744,29418416.8561747,50874114.6931546
-2780480.27954232,52790353981.1729,52929762945.3103,747241.942861212,137283619955.069,137638097727.173,-1032.56097388426,28809066.0123091,54780033.6676043
-2780631.56169374,51260073918.4626,51346966064.1367,746771.868464209,137861345226.958,138234479370.162,-1032.64937164485,28202881.4833133,58135677.0470789
-2780763.78507156,49723546641.6924,49756156909.7675,746353.049235809,138422305447.273,138806411028.037,-1032.72714957298,27600827.2946645,60868314.3828255
-2780893.12210236,47947527466.3923,47916944715.116,745934.715633231,139047118062.749,139434266107.206,-1032.80379587996,26913926.4599272,63173380.5545701
-2780998.84254794,46163729934.4737,46070823334.3135,745584.868270725,139649527290.208,140029632432.721,-1032.86697032901,26234262.4727743,64525818.9092109
-2781081.82521437,44372423881.2347,44219643334.8117,745303.804203397,140229430828.714,140592785777.486,-1032.9169954084,25562341.3768568,64893231.5575487
-2781142.9527316,42573881851.6959,42365138544.2985,745091.808937735,140786727145.236,141124251994.173,-1032.95419573104,24898326.4194253,64271135.5648214
-2781183.11139468,40768379449.1695,40508893428.5639,744949.156380597,141321316136.314,141624754624.386,-1032.9788979934,24242080.7573598,62679491.3215895
-2781203.19100427,38956195581.4624,38652318766.0045,744876.108790544,141833100012.871,142095144312.167,-1032.99143093712,23593234.8462266,60157225.1070702
-2781204.08470641,37137612106.1467,36796676143.6353,744872.916731485,142321983394.107,142536392426.413,-1032.99212530467,22951206.3872026,56760606.8990953
-2781186.68883174,35312913736.7166,34943081228.9361,744939.819028686,142787873248.46,142949597050.109,-1032.98131380235,22315195.9669543,52563603.6967379
-2781180.56399528,34914797209.0526,34539817194.1072,744963.703151745,142886264830.818,143035966801.04,-1032.97746682197,22177408.7388766,51551919.7966235
-2781173.62386922,34516407378.166,34136703048.7258,744990.923982495,142983560964.884,143121073551.346,-1032.97309360148,22039851.1057936,50507338.7212488
-2781165.87776418,34117747243.0546,33733747006.6078,745021.48376439,143079760748.661,143204929898.703,-1032.96819761231,21902511.7338249,49430875.4528272
-2781157.33499709,33718819809.4008,33330956908.0581,745055.384714271,143174863287.249,143287548583.785,-1032.96278233011,21765378.9426801,48323573.2387628
-2781148.00489106,33319628089.5672,32928340218.0881,745092.629022349,143268867692.923,143368942485.064,-1032.95685123473,21628440.7110889,47186503.1498622
-2781137.89677532,32920175102.5968,32525904024.2739,745133.218852187,143361773085.195,143449124613.734,-1032.9504078102,21491684.6819038,46020763.6650811
-2781127.01998512,32520463874.2169,32123655034.2638,745177.156340682,143453578590.883,143528108108.758,-1032.9434555447,21355098.166892,44827480.2815427
-2781115.38386167,32120497436.8482,31721599572.8847,745224.44359805,143544283344.179,143605906231.949,-1032.93599793054,21218668.1512847,43607805.144172
